record_id,identifier,canonical_process,city,stratum,quota,subject,subtype,class,unit,court_level,judgment_or_event_date,publication_date,outcome_confirmed,official_url_checked,official_source_type,full_document_accessed,validation_status,status_final,process_final_status,validation_tier,source_directly_checked,duplicate_group,notes
PILOTO-0038,0020625-44.2017.8.13.0027,00206254420178130027,Betim,Fraude bancária e PIX,13,Indenização por Dano Moral,Bancários,Procedimento do Juizado Especial Cível,2º JD CÍVEL,Juizado,2017-01-01,2019-10-31,Sentença,https://www4.tjmg.jus.br/juridico/sf/proc_resultado.jsp?tipoPesquisa=1&comrCodigo=0027&listaProcessos=00206254420178130027,TJMG_SISCOM,False,METADADOS_OFICIAIS,METADADOS_OFICIAIS,METADADOS_OFICIAIS,V2_METADATA,NAO,,Confirmado via metadados oficiais de consulta de sentenças TJMG.
PILOTO-0039,0056444-47.2014.8.13.0027,00564444720148130027,Betim,Fraude bancária e PIX,13,Contratos Bancários,Bancários,Procedimento Ordinário,3ª VARA CÍVEL,1ª Instância,2014-01-01,2021-05-31,Sentença,https://www4.tjmg.jus.br/juridico/sf/proc_resultado.jsp?tipoPesquisa=1&comrCodigo=0027&listaProcessos=00564444720148130027,TJMG_SISCOM,False,METADADOS_OFICIAIS,METADADOS_OFICIAIS,METADADOS_OFICIAIS,V2_METADATA,NAO,,Confirmado via metadados oficiais de consulta de sentenças TJMG.
PILOTO-0075,0095515-60.2015.8.13.0079,00955156020158130079,Contagem,Execução fiscal,13,Execução Fiscal,Tributário,Embargos de Declaração-Cv,TJMG,2ª Instância,20/08/2026,21/08/2026,,https://www5.tjmg.jus.br/jurisprudencia/relatorioEspelhoAcordao.do?inteiroTeor=true&&numeroRegistro=44&totalLinhas=2973&paginaNumero=44&linhasPorPagina=1&palavras=%2522Execução Fiscal%2522 %2522Comarca de Contagem%2522&pesquisarPor=ementa&orderByData=2&dataPublicacaoInicial=01/01/2019&dataPublicacaoFinal=22/08/2026&referenciaLegislativa=Clique na lupa para pesquisar as referências cadastradas...&pesquisaPalavras=Pesquisar&,,True,CONFIRMADO_OFICIAL,CONFIRMADO_OFICIAL,CONFIRMADO_OFICIAL,V1_STAGING,NAO,,Relator: Des.(a) Áurea Brasil. Ementa: Rejeição de aclaratórios.
PILOTO-0025,0095616-93.2014.8.13.0027,00956169320148130027,Betim,Execução fiscal,13,Execução Fiscal,Tributário,Apelação Cível,Vara de Execuções Fiscais,2_INSTANCIA,14/05/2026,15/05/2026,,https://www5.tjmg.jus.br/jurisprudencia/pesquisaPalavrasEspelhoAcordao.do?&numeroRegistro=10&totalLinhas=102&paginaNumero=10&linhasPorPagina=1&palavras=%2522Execução Fiscal%2522 Betim&pesquisarPor=ementa&orderByData=2&dataPublicacaoInicial=01/01/2019&dataPublicacaoFinal=22/08/2026&referenciaLegislativa=Clique na lupa para pesquisar as referências cadastradas...&pesquisaPalavras=Pesquisar&,,True,CONFIRMADO_OFICIAL,CONFIRMADO_OFICIAL,CONFIRMADO_OFICIAL,V1_STAGING,NAO,,Relator: Des.(a) Jair Varão. Ementa: EMENTA: DIREITO TRIBUTÁRIO. DIREITO PROCESSUAL CIVIL. APELAÇÃO CÍVEL. JUÍZO DE RETRATAÇÃO. EMBARGOS ...
PILOTO-0026,0098716-22.2015.8.13.0027,00987162220158130027,Betim,Execução fiscal,13,Execução Fiscal,Tributário,Apelação Cível,Vara de Execuções Fiscais,2_INSTANCIA,14/07/2026,21/07/2026,,https://www5.tjmg.jus.br/jurisprudencia/pesquisaPalavrasEspelhoAcordao.do?&numeroRegistro=2&totalLinhas=102&paginaNumero=2&linhasPorPagina=1&palavras=%2522Execução Fiscal%2522 Betim&pesquisarPor=ementa&orderByData=2&dataPublicacaoInicial=01/01/2019&dataPublicacaoFinal=22/08/2026&referenciaLegislativa=Clique na lupa para pesquisar as referências cadastradas...&pesquisaPalavras=Pesquisar&,,True,CONFIRMADO_OFICIAL,CONFIRMADO_OFICIAL,CONFIRMADO_OFICIAL,V1_STAGING,NAO,,Relator: Des.(a) Leopoldo Mameluque. Ementa: EMENTA: APELAÇÃO CÍVEL. EMBARGOS À EXECUÇÃO FISCAL . COBRANÇA DE IPTU E TAXAS. LOCALIZAÇÃO DO BEM EM...
PILOTO-0040,0136329-13.2014.8.13.0027,01363291320148130027,Betim,Fraude bancária e PIX,13,Contratos Bancários,Bancários,Procedimento Ordinário,3ª VARA CÍVEL,1ª Instância,2014-01-01,2021-05-31,Sentença,https://www4.tjmg.jus.br/juridico/sf/proc_resultado.jsp?tipoPesquisa=1&comrCodigo=0027&listaProcessos=01363291320148130027,TJMG_SISCOM,False,METADADOS_OFICIAIS,METADADOS_OFICIAIS,METADADOS_OFICIAIS,V2_METADATA,NAO,,Confirmado via metadados oficiais de consulta de sentenças TJMG.
PILOTO-0041,0175980-86.2013.8.13.0027,01759808620138130027,Betim,Fraude bancária e PIX,13,Contratos Bancários,Bancários,Procedimento Ordinário,3ª VARA CÍVEL,1ª Instância,2013-01-01,2021-05-31,Sentença,https://www4.tjmg.jus.br/juridico/sf/proc_resultado.jsp?tipoPesquisa=1&comrCodigo=0027&listaProcessos=01759808620138130027,TJMG_SISCOM,False,METADADOS_OFICIAIS,METADADOS_OFICIAIS,METADADOS_OFICIAIS,V2_METADATA,NAO,,Confirmado via metadados oficiais de consulta de sentenças TJMG.
PILOTO-0076,0215010-94.1998.8.13.0079,02150109419988130079,Contagem,Execução fiscal,13,Execução Fiscal,Tributário,Agravo Interno Cv,TJMG,2ª Instância,20/08/2026,21/08/2026,,https://www5.tjmg.jus.br/jurisprudencia/relatorioEspelhoAcordao.do?inteiroTeor=true&&numeroRegistro=31&totalLinhas=2973&paginaNumero=31&linhasPorPagina=1&palavras=%2522Execução Fiscal%2522 %2522Comarca de Contagem%2522&pesquisarPor=ementa&orderByData=2&dataPublicacaoInicial=01/01/2019&dataPublicacaoFinal=22/08/2026&referenciaLegislativa=Clique na lupa para pesquisar as referências cadastradas...&pesquisaPalavras=Pesquisar&,,True,CONFIRMADO_OFICIAL,CONFIRMADO_OFICIAL,CONFIRMADO_OFICIAL,V1_STAGING,NAO,,Relator: Des.(a) Áurea Brasil. Ementa: Manutenção da decisão agravada.
PILOTO-0077,0241306-65.2012.8.13.0079,02413066520128130079,Contagem,Execução fiscal,13,Execução Fiscal,Tributário,Embargos de Declaração-Cv,TJMG,2ª Instância,20/08/2026,21/08/2026,,https://www5.tjmg.jus.br/jurisprudencia/relatorioEspelhoAcordao.do?inteiroTeor=true&&numeroRegistro=33&totalLinhas=2973&paginaNumero=33&linhasPorPagina=1&palavras=%2522Execução Fiscal%2522 %2522Comarca de Contagem%2522&pesquisarPor=ementa&orderByData=2&dataPublicacaoInicial=01/01/2019&dataPublicacaoFinal=22/08/2026&referenciaLegislativa=Clique na lupa para pesquisar as referências cadastradas...&pesquisaPalavras=Pesquisar&,,True,METADADOS_OFICIAIS,METADADOS_OFICIAIS,METADADOS_OFICIAIS,V2_METADATA,NAO,,Relator: Des.(a) Áurea Brasil. Ementa: Rejeição dos embargos.
PILOTO-0042,0242087-15.2013.8.13.0027,02420871520138130027,Betim,Fraude bancária e PIX,13,Contratos Bancários,Bancários,Procedimento Ordinário,1ª VARA CÍVEL,1ª Instância,2013-01-01,2019-10-31,Sentença,https://www4.tjmg.jus.br/juridico/sf/proc_resultado.jsp?tipoPesquisa=1&comrCodigo=0027&listaProcessos=02420871520138130027,TJMG_SISCOM,False,METADADOS_OFICIAIS,METADADOS_OFICIAIS,METADADOS_OFICIAIS,V2_METADATA,NAO,,Confirmado via metadados oficiais de consulta de sentenças TJMG.
PILOTO-0043,0246821-72.2014.8.13.0027,02468217220148130027,Betim,Fraude bancária e PIX,13,Contratos Bancários,Bancários,Procedimento Ordinário,3ª VARA CÍVEL,1ª Instância,2014-01-01,2021-05-31,Sentença,https://www4.tjmg.jus.br/juridico/sf/proc_resultado.jsp?tipoPesquisa=1&comrCodigo=0027&listaProcessos=02468217220148130027,TJMG_SISCOM,False,METADADOS_OFICIAIS,METADADOS_OFICIAIS,METADADOS_OFICIAIS,V2_METADATA,NAO,,Confirmado via metadados oficiais de consulta de sentenças TJMG.
PILOTO-0044,0277963-60.2015.8.13.0027,02779636020158130027,Betim,Fraude bancária e PIX,13,Contratos Bancários,Bancários,Procedimento Ordinário,3ª VARA CÍVEL,1ª Instância,2015-01-01,2021-05-31,Sentença,https://www4.tjmg.jus.br/juridico/sf/proc_resultado.jsp?tipoPesquisa=1&comrCodigo=0027&listaProcessos=02779636020158130027,TJMG_SISCOM,False,METADADOS_OFICIAIS,METADADOS_OFICIAIS,METADADOS_OFICIAIS,V2_METADATA,NAO,,Confirmado via metadados oficiais de consulta de sentenças TJMG.
PILOTO-0001,0303784-08.2011.8.13.0027,03037840820118130027,Betim,Consumidor,12,Contratos Bancários,Espécies de Contratos,Procedimento Ordinário,1ª VARA CÍVEL,1ª Instância,2011-01-01,2019-12-18,Baixado,https://www4.tjmg.jus.br/juridico/sf/proc_resultado.jsp?comrCodigo=27&numero=1&listaProcessos=03037840820118130027,TJMG SISCOM,False,METADADOS_OFICIAIS,METADADOS_OFICIAIS,METADADOS_OFICIAIS,V2_METADATA,NAO,,Validado via consulta massiva SISCOM.
PILOTO-0045,0314402-70.2015.8.13.0027,03144027020158130027,Betim,Fraude bancária e PIX,13,Contratos Bancários,Bancários,Procedimento Ordinário,3ª VARA CÍVEL,1ª Instância,2015-01-01,2019-05-31,Sentença,https://www4.tjmg.jus.br/juridico/sf/proc_resultado.jsp?tipoPesquisa=1&comrCodigo=0027&listaProcessos=03144027020158130027,TJMG_SISCOM,False,METADADOS_OFICIAIS,METADADOS_OFICIAIS,METADADOS_OFICIAIS,V2_METADATA,NAO,,Confirmado via metadados oficiais de consulta de sentenças TJMG.
PILOTO-0027,0335258-55.2015.8.13.0027,03352585520158130027,Betim,Execução fiscal,13,Execução Fiscal,Tributário,Apelação Cível,Vara de Execuções Fiscais,2_INSTANCIA,11/08/2026,18/08/2026,,https://www5.tjmg.jus.br/jurisprudencia/pesquisaPalavrasEspelhoAcordao.do?&numeroRegistro=1&totalLinhas=102&paginaNumero=1&linhasPorPagina=1&palavras=%2522Execução Fiscal%2522 Betim&pesquisarPor=ementa&orderByData=2&dataPublicacaoInicial=01/01/2019&dataPublicacaoFinal=22/08/2026&referenciaLegislativa=Clique na lupa para pesquisar as referências cadastradas...&pesquisaPalavras=Pesquisar&,,True,CONFIRMADO_OFICIAL,CONFIRMADO_OFICIAL,CONFIRMADO_OFICIAL,V1_STAGING,NAO,,Relator: Des.(a) Júlio Cezar Guttierrez. Ementa: EMENTA: APELAÇÃO CÍVEL. EXECUÇÃO FISCAL . PRESCRIÇÃO INTERCORRENTE. RECONHECIMENTO SEM PRÉVIO CONTRA...
PILOTO-0046,0397444-85.2013.8.13.0027,03974448520138130027,Betim,Fraude bancária e PIX,13,Contratos Bancários,Bancários,Procedimento Ordinário,3ª VARA CÍVEL,1ª Instância,2013-01-01,2021-05-31,Sentença,https://www4.tjmg.jus.br/juridico/sf/proc_resultado.jsp?tipoPesquisa=1&comrCodigo=0027&listaProcessos=03974448520138130027,TJMG_SISCOM,False,METADADOS_OFICIAIS,METADADOS_OFICIAIS,METADADOS_OFICIAIS,V2_METADATA,NAO,,Confirmado via metadados oficiais de consulta de sentenças TJMG.
PILOTO-0002,0412282-96.2014.8.13.0027,04122829620148130027,Betim,Consumidor,12,Multa de 10%,Liquidação / Cumprimento / Execução,Procedimento Ordinário,1ª VARA CÍVEL,1ª Instância,2014-01-01,2021-05-31,Baixado,https://www4.tjmg.jus.br/juridico/sf/proc_resultado.jsp?comrCodigo=27&numero=1&listaProcessos=04122829620148130027,TJMG SISCOM,False,METADADOS_OFICIAIS,METADADOS_OFICIAIS,METADADOS_OFICIAIS,V2_METADATA,NAO,,Validado via consulta massiva SISCOM.
PILOTO-0078,0595331-86.2011.8.13.0079,05953318620118130079,Contagem,Execução fiscal,13,Execução Fiscal,Tributário,Embargos de Declaração-Cv,TJMG,2ª Instância,20/08/2026,21/08/2026,,https://www5.tjmg.jus.br/jurisprudencia/relatorioEspelhoAcordao.do?inteiroTeor=true&&numeroRegistro=26&totalLinhas=2973&paginaNumero=26&linhasPorPagina=1&palavras=%2522Execução Fiscal%2522 %2522Comarca de Contagem%2522&pesquisarPor=ementa&orderByData=2&dataPublicacaoInicial=01/01/2019&dataPublicacaoFinal=22/08/2026&referenciaLegislativa=Clique na lupa para pesquisar as referências cadastradas...&pesquisaPalavras=Pesquisar&,,True,CONFIRMADO_OFICIAL,CONFIRMADO_OFICIAL,CONFIRMADO_OFICIAL,V1_STAGING,NAO,,Relator: Des.(a) Áurea Brasil. Ementa: Embargos rejeitados.
PILOTO-0079,0741528-88.2003.8.13.0079,07415288820038130079,Contagem,Execução fiscal,13,Execução Fiscal,Tributário,Apelação Cível,TJMG,2ª Instância,20/08/2026,21/08/2026,,https://www5.tjmg.jus.br/jurisprudencia/relatorioEspelhoAcordao.do?inteiroTeor=true&&numeroRegistro=5&totalLinhas=2973&paginaNumero=5&linhasPorPagina=1&palavras=%2522Execução Fiscal%2522 %2522Comarca de Contagem%2522&pesquisarPor=ementa&orderByData=2&dataPublicacaoInicial=01/01/2019&dataPublicacaoFinal=22/08/2026&referenciaLegislativa=Clique na lupa para pesquisar as referências cadastradas...&pesquisaPalavras=Pesquisar&,,True,CONFIRMADO_OFICIAL,CONFIRMADO_OFICIAL,CONFIRMADO_OFICIAL,V1_STAGING,NAO,,Relator: Des.(a) Áurea Brasil. Ementa: Prescrição intercorrente. Diligências infrutíferas.
PILOTO-0063,1.0000.18.070263-0/002,10000180702630002,Contagem,Empresarial,12,Direito Empresarial,Propriedade Industrial,Apelação Cível,6ª Vara Cível,2ª Instância,25/05/2022,26/05/2022,Recurso improvido,https://www5.tjmg.jus.br/jurisprudencia/relatorioEspelhoAcordao.do?inteiroTeor=true&ano=18&ttriCodigo=1&codigoOrigem=0000&numero=070263&sequencial=002&sequencialAcordao=0,TJMG_ACORDAO,True,CONFIRMADO_OFICIAL,CONFIRMADO_OFICIAL,CONFIRMADO_OFICIAL,V1_STAGING,NAO,,Disputa sobre Propriedade Industrial (Marcas) em Contagem.
PILOTO-0064,1.0000.18.100874-9/004,10000181008749004,Contagem,Empresarial,12,Direito Empresarial/Fazenda,Tributário,Apelação Cível,3ª Vara Empresarial,2ª Instância,10/03/2022,17/03/2022,Recurso desprovido,https://www5.tjmg.jus.br/jurisprudencia/relatorioEspelhoAcordao.do?inteiroTeor=true&ano=18&ttriCodigo=1&codigoOrigem=0000&numero=100874&sequencial=004&sequencialAcordao=0,TJMG_ACORDAO,True,CONFIRMADO_OFICIAL,CONFIRMADO_OFICIAL,CONFIRMADO_OFICIAL,V1_STAGING,NAO,,Ação anulatória de débito fiscal (IPTU Contagem).
PILOTO-0065,1.0000.19.109058-8/000,10000191090588000,Contagem,Empresarial,12,Direito Empresarial,Registros Públicos,Conflito de Competência,2ª Vara Empresarial,2ª Instância,04/02/2020,10/02/2020,Conflito acolhido,https://www5.tjmg.jus.br/jurisprudencia/relatorioEspelhoAcordao.do?inteiroTeor=true&ano=19&ttriCodigo=1&codigoOrigem=0000&numero=109058&sequencial=000&sequencialAcordao=0,TJMG_ACORDAO,True,CONFIRMADO_OFICIAL,CONFIRMADO_OFICIAL,CONFIRMADO_OFICIAL,V1_STAGING,NAO,,Conflito de atribuições entre Juiz Diretor do Foro e Vara Empresarial.
PILOTO-0066,1.0000.20.017512-0/008,10000200175120008,Contagem,Empresarial,12,Direito Empresarial,Recuperação Judicial,Agravo de Instrumento-CV,Vara Empresarial,2ª Instância,22/04/2026,28/04/2026,Recurso desprovido,https://www5.tjmg.jus.br/jurisprudencia/pesquisaNumeroCNJEspelhoAcordao.do?numeroUnico=1.0000.20.017512-0/008,TJMG_ACORDAO,True,CONFIRMADO_OFICIAL,CONFIRMADO_OFICIAL,CONFIRMADO_OFICIAL,V1_STAGING,NAO,,Homologação de plano de recuperação judicial por adesão.
PILOTO-0067,1.0000.22.065123-6/001,10000220651236001,Contagem,Empresarial,12,Direito Empresarial,Ação Anulatória,Agravo de Instrumento-CV,1ª Vara Empresarial,2ª Instância,07/05/2025,02/06/2025,Recurso desprovido,https://www5.tjmg.jus.br/jurisprudencia/relatorioEspelhoAcordao.do?inteiroTeor=true&ano=22&ttriCodigo=1&codigoOrigem=0000&numero=065123&sequencial=001&sequencialAcordao=0,TJMG_ACORDAO,True,CONFIRMADO_OFICIAL,CONFIRMADO_OFICIAL,CONFIRMADO_OFICIAL,V1_STAGING,NAO,,Tutela de urgência em ação anulatória de registros imobiliários.
PILOTO-0068,1.0000.22.199628-0/001,10000221996280001,Contagem,Empresarial,12,Direito Empresarial/Fazenda,Ação Civil Pública,Agravo de Instrumento-CV,3ª Vara Empresarial,2ª Instância,17/02/2023,23/02/2023,Parcial provimento,https://www5.tjmg.jus.br/jurisprudencia/relatorioEspelhoAcordao.do?inteiroTeor=true&ano=22&ttriCodigo=1&codigoOrigem=0000&numero=199628&sequencial=001&sequencialAcordao=0,TJMG_ACORDAO,True,CONFIRMADO_OFICIAL,CONFIRMADO_OFICIAL,CONFIRMADO_OFICIAL,V1_STAGING,NAO,,Decisão em ação civil pública originária da 3ª Vara Empresarial de Contagem.
PILOTO-0059,1.0000.23.093213-9/002,50163722220228130079,Contagem,Consumidor,12,Consumidor,Seguro Imobiliário,Embargos de Declaração-CV,TJMG,Segunda Instância,09/11/2023,10/11/2023,Embargos não acolhidos,https://www5.tjmg.jus.br/jurisprudencia/relatorioEspelhoAcordao.do?inteiroTeor=true&ano=23&ttriCodigo=1&codigoOrigem=0000&numero=093213&sequencial=002&sequencialAcordao=0,TJMG - Espelho do Acórdão,True,CONFIRMADO_OFICIAL,CONFIRMADO_OFICIAL,CONFIRMADO_OFICIAL,V4_DIRETO,SIM,,Comarca de Contagem; controvérsia subjacente sobre seguro e venda casada.
PILOTO-0023,1.0000.23.173233-0/003,50212562420228130027,Betim,Empresarial,12,Apuração de haveres,Acórdão,Apelação Cível,21ª Câmara Cível Especializada,2ª Instância,13/06/2024,11/12/2024,Trânsito em julgado confirmado,https://www4.tjmg.jus.br/juridico/sf/proc_complemento2.jsp?listaProcessos=10000231732330003,TJMG Consulta Processual,True,CONFIRMADO_OFICIAL,CONFIRMADO_OFICIAL,CONFIRMADO_OFICIAL,V4_DIRETO,SIM,,Comarca de origem Betim; processo originário 5021256-24.2022.8.13.0027.
PILOTO-0028,1.0000.23.174154-7/001,10000231741547001,Betim,Execução fiscal,13,Tributário,Acórdão,Embargos à Execução Fiscal,1ª Câmara Cível,2ª Instância,22/02/2024,25/02/2024,,https://www4.tjmg.jus.br/juridico/sf/proc_complemento2.jsp?listaProcessos=10000231741547001,,True,METADADOS_OFICIAIS,METADADOS_OFICIAIS,METADADOS_OFICIAIS,V2_METADATA,NAO,,Embargos em 2ª instância
PILOTO-0069,1.0000.24.155891-0/000,10000241558910000,Contagem,Empresarial,12,Direito Empresarial,Recuperação Judicial,Agravo de Instrumento-CV,Vara Empresarial,2ª Instância,10/06/2024,17/06/2024,Pendente,https://www5.tjmg.jus.br/jurisprudencia/formEspelhoAcordao.do,TJMG_METADADOS,False,METADADOS_OFICIAIS,METADADOS_OFICIAIS,METADADOS_OFICIAIS,V2_METADATA,NAO,,Processo de recuperação judicial em trâmite; possível divergência de comarca detectada na pesquisa (Montes Claros).
PILOTO-0070,1.0000.24.162900-5/001,10000241629005001,Contagem,Empresarial,12,Direito Empresarial/Fazenda,Produção de Prova,Agravo de Instrumento-CV,3ª Vara Empresarial,2ª Instância,01/08/2024,01/08/2024,Recurso provido em parte,https://www5.tjmg.jus.br/jurisprudencia/pesquisaNumeroCNJEspelhoAcordao.do?numeroUnico=1.0000.24.162900-5/001,TJMG_ACORDAO,True,CONFIRMADO_OFICIAL,CONFIRMADO_OFICIAL,CONFIRMADO_OFICIAL,V1_STAGING,NAO,,Agravo contra decisão que indeferiu produção de prova.
PILOTO-0088,1.0000.24.336281-1/001,10000243362811001,Contagem,Fraude bancária e PIX,13,Consumidor,Serviços Bancários,Apelação Cível,TJMG,Segunda Instância,18/09/2024,23/09/2024,NAO_PROVIDO,https://www8.tjmg.jus.br/themis/baixaDocumento.do?tipo=1&numeroVerificador=1000024336281100120245642036,TJMG_THEMIS,SIM,CONFIRMADO_OFICIAL,CONFIRMADO_OFICIAL,CONFIRMADO_OFICIAL,V1_STAGING,NAO,,Bloqueio indevido PagSeguro; desvio produtivo.
PILOTO-0071,1.0000.25.005138-0/000,10000250051380000,Contagem,Empresarial,12,Direito Empresarial/Fazenda,Indenização,Conflito de Competência,2ª Vara Empresarial,2ª Instância,08/04/2025,11/04/2025,Conflito acolhido,https://www5.tjmg.jus.br/jurisprudencia/relatorioEspelhoAcordao.do?inteiroTeor=true&ano=25&ttriCodigo=1&codigoOrigem=0000&numero=005138&sequencial=000&sequencialAcordao=0,TJMG_ACORDAO,True,CONFIRMADO_OFICIAL,CONFIRMADO_OFICIAL,CONFIRMADO_OFICIAL,V1_STAGING,NAO,,Discussão de competência em ação de indenização contra o Estado.
PILOTO-0072,1.0000.25.061243-8/001,10000250612438001,Contagem,Empresarial,12,Direito Empresarial,Recuperação Judicial,Agravo de Instrumento-CV,Vara Empresarial,2ª Instância,15/05/2025,22/05/2025,Pendente,https://www5.tjmg.jus.br/jurisprudencia/formEspelhoAcordao.do,TJMG_METADADOS,False,METADADOS_OFICIAIS,METADADOS_OFICIAIS,METADADOS_OFICIAIS,V2_METADATA,NAO,,Processo de recuperação judicial identificado via metadados de sistema.
PILOTO-0089,1.0000.25.094026-9/001,10000250940269001,Contagem,Fraude bancária e PIX,13,Consumidor,Revisional Bancário,Apelação Cível,TJMG,Segunda Instância,24/04/2025,05/05/2025,CASSADA_SENTENCA,http://www8.tjmg.jus.br/themis/baixaDocumento.do?tipo=1&numeroVerificador=100002509402690012025897880,TJMG_THEMIS,SIM,CONFIRMADO_OFICIAL,CONFIRMADO_OFICIAL,CONFIRMADO_OFICIAL,V1_STAGING,NAO,,Direito à exibição de contrato bancário.
PILOTO-0090,1.0000.25.108499-2/001,10000251084992001,Contagem,Fraude bancária e PIX,13,Consumidor,Busca e Apreensão Bancária,Agravo de Instrumento-CV,TJMG,Segunda Instância,20/08/2025,25/08/2025,PROVIDO,https://www5.tjmg.jus.br/jurisprudencia/relatorioEspelhoAcordao.do?inteiroTeor=true&ano=25&ttriCodigo=1&codigoOrigem=0000&numero=108499&sequencial=001&sequencialAcordao=0,TJMG_JURISPRUDENCIA,SIM,CONFIRMADO_OFICIAL,CONFIRMADO_OFICIAL,CONFIRMADO_OFICIAL,V1_STAGING,NAO,GRP_5044042,Acórdão confirma abusividade de juros em busca e apreensão.
PILOTO-0051,1.0000.25.204141-3/001,10000252041413001,Contagem,Consumidor,12,Consumidor,Protesto Indevido,Apelação Cível,TJMG,Segunda Instância,02/07/2025,04/07/2025,Recurso não provido,https://www5.tjmg.jus.br/jurisprudencia/relatorioEspelhoAcordao.do?inteiroTeor=true&ano=25&ttriCodigo=1&codigoOrigem=0000&numero=204141&sequencial=001&sequencialAcordao=0,TJMG - Espelho do Acórdão,True,CONFIRMADO_OFICIAL,CONFIRMADO_OFICIAL,CONFIRMADO_OFICIAL,V4_DIRETO,SIM,,Comarca de Contagem; empresa de crédito/endossatária e responsabilidade por protesto indevido.
PILOTO-0052,1.0000.25.222764-0/002,10000252227640002,Contagem,Consumidor,12,Consumidor,Energia Elétrica,Embargos de Declaração-CV,TJMG,Segunda Instância,09/12/2025,15/12/2025,Embargos não acolhidos,https://www5.tjmg.jus.br/jurisprudencia/relatorioEspelhoAcordao.do?inteiroTeor=true&ano=25&ttriCodigo=1&codigoOrigem=0000&numero=222764&sequencial=002&sequencialAcordao=0,TJMG - Espelho do Acórdão,True,CONFIRMADO_OFICIAL,CONFIRMADO_OFICIAL,CONFIRMADO_OFICIAL,V4_DIRETO,SIM,,Comarca de Contagem; sequência ligada ao acórdão principal /001; contar processo uma vez.
PILOTO-0073,1.0000.25.230143-7/001,10000252301437001,Contagem,Empresarial,12,Direito Empresarial,Falência,Agravo de Instrumento-CV,1ª Vara Empresarial,2ª Instância,01/10/2025,06/10/2025,Recurso desprovido,https://www5.tjmg.jus.br/jurisprudencia/relatorioEspelhoAcordao.do?inteiroTeor=true&ano=25&ttriCodigo=1&codigoOrigem=0000&numero=230143&sequencial=001&sequencialAcordao=0,TJMG_ACORDAO,True,CONFIRMADO_OFICIAL,CONFIRMADO_OFICIAL,CONFIRMADO_OFICIAL,V1_STAGING,NAO,,Discussão sobre TFLF após decretação de falência.
PILOTO-0053,1.0000.25.242924-6/001,10000252429246001,Contagem,Consumidor,12,Consumidor,Transporte Aéreo Internacional,Apelação Cível,TJMG,Segunda Instância,17/04/2026,22/04/2026,Recurso desprovido,https://www5.tjmg.jus.br/jurisprudencia/relatorioEspelhoAcordao.do?inteiroTeor=true&ano=25&ttriCodigo=1&codigoOrigem=0000&numero=242924&sequencial=001&sequencialAcordao=0,TJMG - Espelho do Acórdão,True,CONFIRMADO_OFICIAL,CONFIRMADO_OFICIAL,CONFIRMADO_OFICIAL,V4_DIRETO,SIM,,"Comarca de Contagem; acórdão discute cadeia de fornecedores, Tema 1.417/STF e fortuito interno."
PILOTO-0091,1.0000.25.261059-7/001,10000252610597001,Contagem,Fraude bancária e PIX,13,Consumidor,Revisional de Contrato Bancário,Apelação Cível,TJMG,Segunda Instância,03/09/2025,05/09/2025,PARCIALMENTE_PROVIDO,https://www5.tjmg.jus.br/jurisprudencia/relatorioEspelhoAcordao.do?inteiroTeor=true&ano=25&ttriCodigo=1&codigoOrigem=0000&numero=261059&sequencial=001&sequencialAcordao=0,TJMG_JURISPRUDENCIA,SIM,CONFIRMADO_OFICIAL,CONFIRMADO_OFICIAL,CONFIRMADO_OFICIAL,V1_STAGING,NAO,,Revisional de juros e seguro prestamista.
PILOTO-0054,1.0000.25.351331-1/000,10000253513311000,Contagem,Consumidor,12,Consumidor,Plano de Saúde,Conflito de Competência,TJMG,Segunda Instância,27/01/2026,09/02/2026,Competência reconhecida,https://www5.tjmg.jus.br/jurisprudencia/relatorioEspelhoAcordao.do?inteiroTeor=true&ano=25&ttriCodigo=1&codigoOrigem=0000&numero=351331&sequencial=000&sequencialAcordao=0,TJMG - Espelho do Acórdão,True,CONFIRMADO_OFICIAL,CONFIRMADO_OFICIAL,CONFIRMADO_OFICIAL,V1_STAGING,NAO,,Conflito de competência entre Vara Cível e Vara da Infância.
PILOTO-0055,1.0000.25.358012-0/000,10000253580120000,Contagem,Consumidor,12,Consumidor,Plano de Saúde (TEA),Conflito de Competência,TJMG,Segunda Instância,29/01/2026,30/01/2026,Conflito acolhido,https://www5.tjmg.jus.br/jurisprudencia/relatorioEspelhoAcordao.do?inteiroTeor=true&ano=25&ttriCodigo=1&codigoOrigem=0000&numero=358012&sequencial=000&sequencialAcordao=0,TJMG - Espelho do Acórdão,True,CONFIRMADO_OFICIAL,CONFIRMADO_OFICIAL,CONFIRMADO_OFICIAL,V1_STAGING,NAO,,Definição de competência para tratamento multidisciplinar de menor com autismo.
PILOTO-0056,1.0000.25.443942-5/001,10000254439425001,Contagem,Consumidor,12,Consumidor,Evicção Imobiliária,Apelação Cível,TJMG,Segunda Instância,17/06/2026,22/06/2026,Provimento ao recurso,https://www5.tjmg.jus.br/jurisprudencia/relatorioEspelhoAcordao.do?inteiroTeor=true&ano=25&ttriCodigo=1&codigoOrigem=0000&numero=443942&sequencial=001&sequencialAcordao=0,TJMG - Espelho do Acórdão,True,CONFIRMADO_OFICIAL,CONFIRMADO_OFICIAL,CONFIRMADO_OFICIAL,V1_STAGING,NAO,,Discussão sobre garantia de evicção em contrato de gaveta de imóvel com indisponibilidade.
PILOTO-0057,1.0000.25.451834-3/001,10000254518343001,Contagem,Consumidor,12,Consumidor,Vícios Construtivos,Apelação Cível,TJMG,Segunda Instância,14/04/2026,17/04/2026,Parcial provimento,https://www5.tjmg.jus.br/jurisprudencia/relatorioEspelhoAcordao.do?inteiroTeor=true&ano=25&ttriCodigo=1&codigoOrigem=0000&numero=451834&sequencial=001&sequencialAcordao=0,TJMG - Espelho do Acórdão,True,CONFIRMADO_OFICIAL,CONFIRMADO_OFICIAL,CONFIRMADO_OFICIAL,V1_STAGING,NAO,,Responsabilidade da construtora por vícios e interdição de edifício.
PILOTO-0014,1059523-15.2025.8.13.0000,10595231520258130000,Betim,Empresarial,12,Administração judicial / Recuperação judicial,Acórdão,Agravo de Instrumento-Cv,21ª Câmara Cível Especializada,2ª Instância,03/04/2025,20/10/2025,Metadados e cadeia recursal confirmados; não contar sequências como processos distintos,https://www4.tjmg.jus.br/juridico/sf/proc_resultado2.jsp?listaProcessos=10595231520258130000,TJMG Consulta Processual,True,CONFIRMADO_OFICIAL,CONFIRMADO_OFICIAL,CONFIRMADO_OFICIAL,V4_DIRETO,SIM,,Página contém múltiplos processos ligados; exigir canonical_process no banco.
PILOTO-0005,1328212-98.2023.8.13.0000,13282129820238130000,Betim,Consumidor,12,Indenização por Dano Material,Responsabilidade do Fornecedor,Agravo Interno Cv,Núcleo de Justiça 4.0 - Cível Brumadinho,Segunda Instância,2023-07-06,2024-04-10,Ativo,https://www4.tjmg.jus.br/juridico/sf/proc_complemento2.jsp?listaProcessos=10000231328204002,TJMG,True,CONFIRMADO_OFICIAL,CONFIRMADO_OFICIAL,CONFIRMADO_OFICIAL,V1_STAGING,NAO,,Validado via portal oficial TJMG.
PILOTO-0015,1390879-98.2007.8.13.0027,13908799820078130027,Betim,Empresarial,12,Indenização por Dano Material,Acórdão,Apelação Cível,12ª Câmara Cível,2ª Instância,16/10/2019,12/05/2022,Baixa confirmada,https://www4.tjmg.jus.br/juridico/sf/proc_complemento2.jsp?listaProcessos=10027071390879007,TJMG Consulta Processual,True,CONFIRMADO_OFICIAL,CONFIRMADO_OFICIAL,CONFIRMADO_OFICIAL,V4_DIRETO,SIM,,Comarca de origem Betim; processo empresarial-civil entre empresas.
PILOTO-0016,1416553-03.2023.8.13.0000,14165530320238130000,Betim,Empresarial,12,Empresarial > Recuperação Judicial,Recuperação Judicial,Agravo de Instrumento-Cv,2ª Vara Cível,2ª Instância,24/04/2024,30/04/2024,Provimento parcial,https://www5.tjmg.jus.br/jurisprudencia/pesquisaNumeroCNJEspelhoAcordao.do?numeroUnico=1416553-03.2023.8.13.0000,TJMG Jurisprudência,True,CONFIRMADO_OFICIAL,CONFIRMADO_OFICIAL,CONFIRMADO_OFICIAL,V1_STAGING,NAO,,Confirmado via espelho de acórdão.
PILOTO-0017,1487547-56.2023.8.13.0000,14875475620238130000,Betim,Empresarial,12,Empresarial > Recuperação Judicial,Recuperação Judicial,Embargos de Declaração-Cv,2ª Vara Cível,2ª Instância,24/04/2024,30/04/2024,Recurso não acolhido,https://www5.tjmg.jus.br/jurisprudencia/pesquisaNumeroCNJEspelhoAcordao.do?numeroUnico=1487547-56.2023.8.13.0000,TJMG Jurisprudência,True,CONFIRMADO_OFICIAL,CONFIRMADO_OFICIAL,CONFIRMADO_OFICIAL,V1_STAGING,NAO,,Confirmado via espelho de acórdão.
PILOTO-0006,1596883-92.2023.8.13.0000,15968839220238130000,Betim,Consumidor,12,Indenização por Dano Material,Responsabilidade do Fornecedor,Embargos de Declaração-Cv,Núcleo de Justiça 4.0 - Cível Brumadinho,Segunda Instância,2023-11-29,2024-04-25,Ativo,https://www4.tjmg.jus.br/juridico/sf/proc_complemento2.jsp?listaProcessos=10000231596875003,TJMG,True,DUPLICADO,DUPLICADO,DUPLICADO,V1_STAGING,NAO,DG_159687-5,Duplicidade do processo 1.0000.23.159687-5 (sequência /003).
PILOTO-0018,1690640-72.2025.8.13.0000,16906407220258130000,Betim,Empresarial,12,Concurso de Credores / Recuperação judicial,Acórdão,Agravo de Instrumento-Cv,21ª Câmara Cível Especializada,2ª Instância,21/05/2025,,Ativo; cadeia recursal confirmada,https://www4.tjmg.jus.br/juridico/sf/proc_resultado2.jsp?listaProcessos=16906407220258130000,TJMG Consulta Processual,True,CONFIRMADO_OFICIAL,CONFIRMADO_OFICIAL,CONFIRMADO_OFICIAL,V4_DIRETO,SIM,,Processo-base 5025882-18.2024.8.13.0027; sequências /002 a /005 devem ser vinculadas.
PILOTO-0029,1880876-44.2026.8.13.0000,18808764420268130000,Betim,Execução fiscal,13,Execução Fiscal,Tributário,Agravo de Instrumento-Cv,Vara de Execuções Fiscais,2_INSTANCIA,11/06/2026,18/06/2026,,https://www5.tjmg.jus.br/jurisprudencia/pesquisaPalavrasEspelhoAcordao.do?&numeroRegistro=4&totalLinhas=102&paginaNumero=4&linhasPorPagina=1&palavras=%2522Execução Fiscal%2522 Betim&pesquisarPor=ementa&orderByData=2&dataPublicacaoInicial=01/01/2019&dataPublicacaoFinal=22/08/2026&referenciaLegislativa=Clique na lupa para pesquisar as referências cadastradas...&pesquisaPalavras=Pesquisar&,,True,METADADOS_OFICIAIS,METADADOS_OFICIAIS,METADADOS_OFICIAIS,V2_METADATA,NAO,,Relator: Des.(a) Áurea Brasil. Ementa: DIREITO PROCESSUAL CIVIL E TRIBUTÁRIO. AGRAVO DE INSTRUMENTO. EXECUÇÃO FISCAL . CITAÇÃO POR HORA CER...
PILOTO-0019,1959367-02.2025.8.13.0000,19593670220258130000,Betim,Empresarial,12,Duplicata / Obrigações,Acórdão,Agravo de Instrumento-Cv,12ª Câmara Cível,2ª Instância,09/06/2025,25/11/2025,Transitado em Julgado,https://www4.tjmg.jus.br/juridico/sf/proc_resultado2.jsp?listaProcessos=19593670220258130000,TJMG Consulta Processual,True,CONFIRMADO_OFICIAL,CONFIRMADO_OFICIAL,CONFIRMADO_OFICIAL,V1_STAGING,NAO,,Confirmado via andamento processual.
PILOTO-0007,1968470-04.2023.8.13.0000,19684700420238130000,Betim,Consumidor,12,Fornecimento de Energia Elétrica,Contratos de Consumo,Agravo de Instrumento-Cv,2ª Câmara Cível,Segunda Instância,2023-08-16,2024-03-26,Baixado,https://www4.tjmg.jus.br/juridico/sf/proc_complemento2.jsp?listaProcessos=10000231968462001,TJMG,True,CONFIRMADO_OFICIAL,CONFIRMADO_OFICIAL,CONFIRMADO_OFICIAL,V1_STAGING,NAO,,Validado via portal oficial TJMG.
PILOTO-0008,2017275-51.2024.8.13.0000,20172755120248130000,Betim,Consumidor,12,Indenização por Dano Material,Responsabilidade do Fornecedor,Embargos de Declaração-Cv,Núcleo de Justiça 4.0 - Cível Brumadinho,Segunda Instância,2024-06-26,2026-03-10,Baixado,https://www4.tjmg.jus.br/juridico/sf/proc_complemento2.jsp?listaProcessos=10000231596875006,TJMG,True,CONFIRMADO_OFICIAL,CONFIRMADO_OFICIAL,CONFIRMADO_OFICIAL,V1_STAGING,NAO,DG_159687-5,Validado via portal oficial TJMG.
PILOTO-0030,2089013-43.2009.8.13.0027,20890134320098130027,Betim,Execução fiscal,13,Execução Fiscal,Tributário,Apelação Cível,Vara de Execuções Fiscais,2_INSTANCIA,18/06/2026,25/06/2026,,https://www5.tjmg.jus.br/jurisprudencia/pesquisaPalavrasEspelhoAcordao.do?&numeroRegistro=3&totalLinhas=102&paginaNumero=3&linhasPorPagina=1&palavras=%2522Execução Fiscal%2522 Betim&pesquisarPor=ementa&orderByData=2&dataPublicacaoInicial=01/01/2019&dataPublicacaoFinal=22/08/2026&referenciaLegislativa=Clique na lupa para pesquisar as referências cadastradas...&pesquisaPalavras=Pesquisar&,,True,CONFIRMADO_OFICIAL,CONFIRMADO_OFICIAL,CONFIRMADO_OFICIAL,V1_STAGING,NAO,,Relator: Des.(a) Leite Praça. Ementa: EMENTA: DIREITO TRIBUTÁRIO E PROCESSUAL CIVIL. APELAÇÃO CÍVEL. EXECUÇÃO FISCAL . PRESCRIÇÃO INTERCOR...
PILOTO-0020,2246502-05.2024.8.13.0000,22465020520248130000,Betim,Empresarial,12,Recuperação judicial e Falência,Acórdão,Agravo de Instrumento-Cv,21ª Câmara Cível Especializada,2ª Instância,26/04/2024,30/09/2024,Transitado em Julgado,https://www4.tjmg.jus.br/juridico/sf/proc_resultado2.jsp?listaProcessos=22465020520248130000,TJMG Consulta Processual,True,CONFIRMADO_OFICIAL,CONFIRMADO_OFICIAL,CONFIRMADO_OFICIAL,V1_STAGING,NAO,,Confirmado via andamento processual.
PILOTO-0021,2286240-63.2025.8.13.0000,22862406320258130000,Betim,Empresarial,12,Classificação de créditos,Acórdão,Agravo de Instrumento-Cv,21ª Câmara Cível Especializada,2ª Instância,03/07/2025,29/01/2026,Transitado em Julgado,https://www4.tjmg.jus.br/juridico/sf/proc_resultado2.jsp?listaProcessos=22862406320258130000,TJMG Consulta Processual,True,CONFIRMADO_OFICIAL,CONFIRMADO_OFICIAL,CONFIRMADO_OFICIAL,V1_STAGING,NAO,,Confirmado via andamento processual.
PILOTO-0031,2331970-97.2025.8.13.0000,23319709720258130000,Betim,Execução fiscal,13,Execução Fiscal,Tributário,Agravo de Instrumento-Cv,Vara de Execuções Fiscais,2_INSTANCIA,11/06/2026,18/06/2026,,https://www5.tjmg.jus.br/jurisprudencia/pesquisaPalavrasEspelhoAcordao.do?&numeroRegistro=6&totalLinhas=102&paginaNumero=6&linhasPorPagina=1&palavras=%2522Execução Fiscal%2522 Betim&pesquisarPor=ementa&orderByData=2&dataPublicacaoInicial=01/01/2019&dataPublicacaoFinal=22/08/2026&referenciaLegislativa=Clique na lupa para pesquisar as referências cadastradas...&pesquisaPalavras=Pesquisar&,,True,METADADOS_OFICIAIS,METADADOS_OFICIAIS,METADADOS_OFICIAIS,V2_METADATA,NAO,,Relator: Des.(a) Beatriz Junqueira Guimarães (JD). Ementa: EMENTA: DIREITO PROCESSUAL CIVIL E TRIBUTÁRIO. AGRAVO DE INSTRUMENTO. EXECUÇÃO FISCAL . MUNICÍPIO DE...
PILOTO-0080,2492065-25.2006.8.13.0079,24920652520068130079,Contagem,Execução fiscal,13,Execução Fiscal,Tributário,Apelação Cível,TJMG,2ª Instância,20/08/2026,21/08/2026,,https://www5.tjmg.jus.br/jurisprudencia/relatorioEspelhoAcordao.do?inteiroTeor=true&&numeroRegistro=4&totalLinhas=2973&paginaNumero=4&linhasPorPagina=1&palavras=%2522Execução Fiscal%2522 %2522Comarca de Contagem%2522&pesquisarPor=ementa&orderByData=2&dataPublicacaoInicial=01/01/2019&dataPublicacaoFinal=22/08/2026&referenciaLegislativa=Clique na lupa para pesquisar as referências cadastradas...&pesquisaPalavras=Pesquisar&,,True,CONFIRMADO_OFICIAL,CONFIRMADO_OFICIAL,CONFIRMADO_OFICIAL,V1_STAGING,NAO,,Relator: Des.(a) Áurea Brasil. Ementa: Prescrição intercorrente. Tema 566 STJ.
PILOTO-0081,3567137-64.2007.8.13.0079,35671376420078130079,Contagem,Execução fiscal,13,Execução Fiscal,Tributário,Apelação Cível,TJMG,2ª Instância,20/08/2026,21/08/2026,,https://www5.tjmg.jus.br/jurisprudencia/relatorioEspelhoAcordao.do?inteiroTeor=true&&numeroRegistro=25&totalLinhas=2973&paginaNumero=25&linhasPorPagina=1&palavras=%2522Execução Fiscal%2522 %2522Comarca de Contagem%2522&pesquisarPor=ementa&orderByData=2&dataPublicacaoInicial=01/01/2019&dataPublicacaoFinal=22/08/2026&referenciaLegislativa=Clique na lupa para pesquisar as referências cadastradas...&pesquisaPalavras=Pesquisar&,,True,CONFIRMADO_OFICIAL,CONFIRMADO_OFICIAL,CONFIRMADO_OFICIAL,V1_STAGING,NAO,,Relator: Des.(a) Áurea Brasil. Ementa: Prescrição intercorrente reconhecida.
PILOTO-0032,3752158-29.2025.8.13.0000,37521582920258130000,Betim,Execução fiscal,13,Execução Fiscal,Tributário,Embargos de Declaração-Cv,Vara de Execuções Fiscais,1_INSTANCIA,09/06/2026,17/06/2026,,https://www5.tjmg.jus.br/jurisprudencia/pesquisaPalavrasEspelhoAcordao.do?&numeroRegistro=7&totalLinhas=102&paginaNumero=7&linhasPorPagina=1&palavras=%2522Execução Fiscal%2522 Betim&pesquisarPor=ementa&orderByData=2&dataPublicacaoInicial=01/01/2019&dataPublicacaoFinal=22/08/2026&referenciaLegislativa=Clique na lupa para pesquisar as referências cadastradas...&pesquisaPalavras=Pesquisar&,,True,METADADOS_OFICIAIS,METADADOS_OFICIAIS,METADADOS_OFICIAIS,V2_METADATA,NAO,,Relator: Des.(a) Manoel dos Reis Morais. Ementa: DIREITO TRIBUTÁRIO E PROCESSUAL CIVIL. EMBARGOS DE DECLARAÇÃO. EXECUÇÃO FISCAL . EXCEÇÃO DE PRÉ-EXEC...
PILOTO-0022,4147914-26.2024.8.13.0000,41479142620248130000,Betim,Empresarial,12,Recuperação judicial e Falência,Acórdão,Agravo de Instrumento-Cv,21ª Câmara Cível Especializada,2ª Instância,16/09/2024,12/03/2025,Transitado em Julgado,https://www4.tjmg.jus.br/juridico/sf/proc_complemento2.jsp?listaProcessos=10027120206654007,TJMG Consulta Processual,True,CONFIRMADO_OFICIAL,CONFIRMADO_OFICIAL,CONFIRMADO_OFICIAL,V1_STAGING,NAO,,Confirmado via andamento processual.
PILOTO-0082,4565518-48.2008.8.13.0079,45655184820088130079,Contagem,Execução fiscal,13,Execução Fiscal,Tributário,Embargos de Declaração-Cv,TJMG,2ª Instância,20/08/2026,21/08/2026,,https://www5.tjmg.jus.br/jurisprudencia/relatorioEspelhoAcordao.do?inteiroTeor=true&&numeroRegistro=39&totalLinhas=2973&paginaNumero=39&linhasPorPagina=1&palavras=%2522Execução Fiscal%2522 %2522Comarca de Contagem%2522&pesquisarPor=ementa&orderByData=2&dataPublicacaoInicial=01/01/2019&dataPublicacaoFinal=22/08/2026&referenciaLegislativa=Clique na lupa para pesquisar as referências cadastradas...&pesquisaPalavras=Pesquisar&,,True,CONFIRMADO_OFICIAL,CONFIRMADO_OFICIAL,CONFIRMADO_OFICIAL,V1_STAGING,NAO,,Relator: Des.(a) Áurea Brasil. Ementa: Ausência de vícios no acórdão.
PILOTO-0033,5005631-86.2018.8.13.0027,50056318620188130027,Betim,Execução fiscal,13,Execução Fiscal,Tributário,Apelação Cível,Vara de Execuções Fiscais,2_INSTANCIA,28/04/2026,12/05/2026,,https://www5.tjmg.jus.br/jurisprudencia/pesquisaPalavrasEspelhoAcordao.do?&numeroRegistro=14&totalLinhas=102&paginaNumero=14&linhasPorPagina=1&palavras=%2522Execução Fiscal%2522 Betim&pesquisarPor=ementa&orderByData=2&dataPublicacaoInicial=01/01/2019&dataPublicacaoFinal=22/08/2026&referenciaLegislativa=Clique na lupa para pesquisar as referências cadastradas...&pesquisaPalavras=Pesquisar&,,True,CONFIRMADO_OFICIAL,CONFIRMADO_OFICIAL,CONFIRMADO_OFICIAL,V1_STAGING,NAO,,Relator: Des.(a) Arnaldo Maciel. Ementa: EMENTA: APELAÇÃO CÍVEL - EMBARGOS À EXECUÇÃO FISCAL - IPTU - IMÓVEL LOCALIZADO FORA DO PERÍMETRO URB...
PILOTO-0083,5007297-92.2020.8.13.0079,50072979220208130079,Contagem,Execução fiscal,13,Execução Fiscal,Tributário,Embargos de Declaração-Cv,TJMG,2ª Instância,20/08/2026,21/08/2026,,https://www5.tjmg.jus.br/jurisprudencia/relatorioEspelhoAcordao.do?inteiroTeor=true&&numeroRegistro=29&totalLinhas=2973&paginaNumero=29&linhasPorPagina=1&palavras=%2522Execução Fiscal%2522 %2522Comarca de Contagem%2522&pesquisarPor=ementa&orderByData=2&dataPublicacaoInicial=01/01/2019&dataPublicacaoFinal=22/08/2026&referenciaLegislativa=Clique na lupa para pesquisar as referências cadastradas...&pesquisaPalavras=Pesquisar&,,True,CONFIRMADO_OFICIAL,CONFIRMADO_OFICIAL,CONFIRMADO_OFICIAL,V1_STAGING,NAO,,Relator: Des.(a) Áurea Brasil. Ementa: Inexistência de omissão.
PILOTO-0034,5007746-07.2023.8.13.0027,50077460720238130027,Betim,Execução fiscal,13,Execução Fiscal,Tributário,Embargos de Declaração-Cv,Vara de Execuções Fiscais,1_INSTANCIA,12/05/2026,19/05/2026,,https://www5.tjmg.jus.br/jurisprudencia/pesquisaPalavrasEspelhoAcordao.do?&numeroRegistro=11&totalLinhas=102&paginaNumero=11&linhasPorPagina=1&palavras=%2522Execução Fiscal%2522 Betim&pesquisarPor=ementa&orderByData=2&dataPublicacaoInicial=01/01/2019&dataPublicacaoFinal=22/08/2026&referenciaLegislativa=Clique na lupa para pesquisar as referências cadastradas...&pesquisaPalavras=Pesquisar&,,True,CONFIRMADO_OFICIAL,CONFIRMADO_OFICIAL,CONFIRMADO_OFICIAL,V1_STAGING,NAO,,Relator: Des.(a) Alberto Vilas Boas. Ementa: EMENTA: DIREITO PROCESSUAL CIVIL. EMBARGOS DE DECLARAÇÃO. EXECUÇÃO FISCAL . OMISSÃO NO ACÓRDÃO. ISEN...
PILOTO-0009,5008511-12.2022.8.13.0027,50085111220228130027,Betim,Consumidor,12,Inclusão Indevida em Cadastro de Inadimplentes,Indenização por Dano Moral,Apelação Cível,10ª Câmara Cível,Segunda Instância,2023-09-20,2023-12-11,Recurso da operadora provido; pedido inicial improcedente,https://www5.tjmg.jus.br/jurisprudencia/relatorioEspelhoAcordao.do?inteiroTeor=true&ano=22&ttriCodigo=1&codigoOrigem=0000&numero=099935&sequencial=002&sequencialAcordao=0,TJMG,True,CONFIRMADO_OFICIAL,CONFIRMADO_OFICIAL,CONFIRMADO_OFICIAL,V4_DIRETO,SIM,,Comarca de Betim; vinculado ao processo originário 5008511-12.2022.8.13.0027.
PILOTO-0047,5008602-39.2021.8.13.0027,50086023920218130027,Betim,Fraude bancária e PIX,13,Empréstimo consignado,Bancários / Contratos de Consumo,Apelação Cível,13ª Câmara Cível,Segunda Instância,2022-06-23,2022-12-01,Baixado,https://www4.tjmg.jus.br/juridico/sf/proc_complemento2.jsp?listaProcessos=10000221422264001,TJMG_SF,True,METADADOS_OFICIAIS,METADADOS_OFICIAIS,METADADOS_OFICIAIS,V2_METADATA,NAO,,"Trânsito em julgado em 01/12/2022, verificado no portal oficial."
PILOTO-0035,5008692-52.2018.8.13.0027,50086925220188130027,Betim,Execução fiscal,13,Execução Fiscal,Tributário,Apelação Cível,Vara de Execuções Fiscais,2_INSTANCIA,21/05/2026,21/05/2026,,https://www5.tjmg.jus.br/jurisprudencia/pesquisaPalavrasEspelhoAcordao.do?&numeroRegistro=9&totalLinhas=102&paginaNumero=9&linhasPorPagina=1&palavras=%2522Execução Fiscal%2522 Betim&pesquisarPor=ementa&orderByData=2&dataPublicacaoInicial=01/01/2019&dataPublicacaoFinal=22/08/2026&referenciaLegislativa=Clique na lupa para pesquisar as referências cadastradas...&pesquisaPalavras=Pesquisar&,,True,CONFIRMADO_OFICIAL,CONFIRMADO_OFICIAL,CONFIRMADO_OFICIAL,V1_STAGING,NAO,,Relator: Des.(a) Jair Varão. Ementa: EMENTA:  APELAÇÃO CÍVEL. EMBARGOS À EXECUÇÃO FISCAL . IPTU. IMÓVEL FORA DO PERÍMETRO URBANO À ÉPOCA ...
PILOTO-0084,5009437-36.2019.8.13.0079,50094373620198130079,Contagem,Execução fiscal,13,Execução Fiscal,Tributário,Apelação Cível,TJMG,2ª Instância,20/08/2026,21/08/2026,,https://www5.tjmg.jus.br/jurisprudencia/relatorioEspelhoAcordao.do?inteiroTeor=true&&numeroRegistro=22&totalLinhas=2973&paginaNumero=22&linhasPorPagina=1&palavras=%2522Execução Fiscal%2522 %2522Comarca de Contagem%2522&pesquisarPor=ementa&orderByData=2&dataPublicacaoInicial=01/01/2019&dataPublicacaoFinal=22/08/2026&referenciaLegislativa=Clique na lupa para pesquisar as referências cadastradas...&pesquisaPalavras=Pesquisar&,,True,CONFIRMADO_OFICIAL,CONFIRMADO_OFICIAL,CONFIRMADO_OFICIAL,V1_STAGING,NAO,,Relator: Des.(a) Áurea Brasil. Ementa: Prescrição intercorrente. Art. 40 LEF.
PILOTO-0092,5009960-09.2023.8.13.0079,50099600920238130079,Contagem,Fraude bancária e PIX,13,Fraude Bancária / PIX,Responsabilidade Civil,Procedimento Comum Cível,TJMG,Primeira Instância,14/08/2026,16/08/2026,METADADOS_CONFIRMADOS,https://pje-consulta-publica.tjmg.jus.br/pje/ConsultaPublica/listView.seam,PJE_1G,NAO,METADADOS_OFICIAIS,METADADOS_OFICIAIS,METADADOS_OFICIAIS,V2_METADATA,NAO,,Súmula 479 STJ; fraude PIX.
PILOTO-0058,5014969-15.2024.8.13.0079,50149691520248130079,Contagem,Consumidor,12,Práticas Abusivas,,Procedimento Comum Cível,TJMG,Primeira Instância,07/08/2026,07/08/2026,Expedição de comunicação,https://pje-consulta-publica.tjmg.jus.br/pje/ConsultaPublica/listView.seam,TJMG - PJe 1ª Instância,False,METADADOS_OFICIAIS,METADADOS_OFICIAIS,METADADOS_OFICIAIS,V2_METADATA,NAO,,Isadora Peixoto x Rosk Software.
PILOTO-0010,5017775-87.2021.8.13.0027,50177758720218130027,Betim,Consumidor,12,Inclusão Indevida em Cadastro de Inadimplentes,Indenização por Dano Moral,Apelação Cível,15ª Câmara Cível,Segunda Instância,2023-09-11,2024-01-08,"Recurso provido; dano moral de R$ 15.000,00 no caso concreto",https://www5.tjmg.jus.br/jurisprudencia/relatorioEspelhoAcordao.do?inteiroTeor=true&ano=22&ttriCodigo=1&codigoOrigem=0000&numero=034660&sequencial=002&sequencialAcordao=0,TJMG,True,CONFIRMADO_OFICIAL,CONFIRMADO_OFICIAL,CONFIRMADO_OFICIAL,V4_DIRETO,SIM,,Comarca de Betim; vinculado ao processo originário 5017775-87.2021.8.13.0027.
PILOTO-0048,5018542-28.2021.8.13.0027,50185422820218130027,Betim,Fraude bancária e PIX,13,Empréstimo consignado,Bancários / Contratos de Consumo,Apelação Cível,15ª Câmara Cível,Segunda Instância,2024-03-19,2025-02-12,Baixado,https://www4.tjmg.jus.br/juridico/sf/proc_complemento2.jsp?listaProcessos=10000221952633002,TJMG_SF,True,METADADOS_OFICIAIS,METADADOS_OFICIAIS,METADADOS_OFICIAIS,V2_METADATA,NAO,,"Trânsito em julgado em 12/02/2025, verificado no portal oficial."
PILOTO-0074,5018697-06.2020.8.13.0079,50186970620208130079,Contagem,Empresarial,12,Direito Empresarial/Fazenda,ITCD,Mandado de Segurança Cível,2ª Vara Empresarial,1ª Instância,14/06/2024,14/06/2024,Arquivado Definitivamente,https://pje-consulta-publica.tjmg.jus.br/,TJMG_PJE_1G,False,METADADOS_OFICIAIS,METADADOS_OFICIAIS,METADADOS_OFICIAIS,V2_METADATA,NAO,,Processo identificado via metadados no PJe 1º Grau de Contagem.
PILOTO-0093,5018979-05.2024.8.13.0079,50189790520248130079,Contagem,Fraude bancária e PIX,13,Fraude Bancária / PIX,Responsabilidade Civil,Procedimento Comum Cível,TJMG,Primeira Instância,19/08/2026,21/08/2026,METADADOS_CONFIRMADOS,https://pje-consulta-publica.tjmg.jus.br/pje/ConsultaPublica/listView.seam,PJE_1G,NAO,METADADOS_OFICIAIS,METADADOS_OFICIAIS,METADADOS_OFICIAIS,V2_METADATA,NAO,,Golpe da falsa central de atendimento.
PILOTO-0011,5019118-21.2021.8.13.0027,50191182120218130027,Betim,Consumidor,12,Telefonia,Contratos de Consumo,Apelação Cível,11ª Câmara Cível,Segunda Instância,2022-09-21,2023-02-14,Baixado,https://www4.tjmg.jus.br/juridico/sf/proc_complemento2.jsp?listaProcessos=10000222277097001,TJMG,True,CONFIRMADO_OFICIAL,CONFIRMADO_OFICIAL,CONFIRMADO_OFICIAL,V1_STAGING,NAO,,Validado via portal oficial TJMG.
PILOTO-0049,5019962-63.2024.8.13.0027,50199626320248130027,Betim,Fraude bancária e PIX,13,Bancários,Contratos de Consumo,Recurso Especial,2º Cartório de Recursos a Outros Tribunais,Segunda Instância,2026-05-15,2026-07-07,Ativo,https://www4.tjmg.jus.br/juridico/sf/proc_complemento2.jsp?listaProcessos=10000243392115005,TJMG_SF,True,METADADOS_OFICIAIS,METADADOS_OFICIAIS,METADADOS_OFICIAIS,V2_METADATA,NAO,,"Recurso Especial em andamento, verificado no portal oficial."
PILOTO-0050,5021369-12.2021.8.13.0027,50213691220218130027,Betim,Fraude bancária e PIX,13,Empréstimo consignado,Bancários / Contratos de Consumo,Apelação Cível,10ª Câmara Cível,Segunda Instância,2023-08-28,2023-11-10,Baixado,https://www4.tjmg.jus.br/juridico/sf/proc_complemento2.jsp?listaProcessos=10000220058143002,TJMG_SF,True,METADADOS_OFICIAIS,METADADOS_OFICIAIS,METADADOS_OFICIAIS,V2_METADATA,NAO,,"Trânsito em julgado em 10/11/2023, verificado no portal oficial."
PILOTO-0036,5023073-89.2023.8.13.0027,50230738920238130027,Betim,Execução fiscal,13,Execução Fiscal,Tributário,Embargos de Declaração-Cv,Vara de Execuções Fiscais,1_INSTANCIA,07/05/2026,13/05/2026,,https://www5.tjmg.jus.br/jurisprudencia/pesquisaPalavrasEspelhoAcordao.do?&numeroRegistro=12&totalLinhas=102&paginaNumero=12&linhasPorPagina=1&palavras=%2522Execução Fiscal%2522 Betim&pesquisarPor=ementa&orderByData=2&dataPublicacaoInicial=01/01/2019&dataPublicacaoFinal=22/08/2026&referenciaLegislativa=Clique na lupa para pesquisar as referências cadastradas...&pesquisaPalavras=Pesquisar&,,True,CONFIRMADO_OFICIAL,CONFIRMADO_OFICIAL,CONFIRMADO_OFICIAL,V1_STAGING,NAO,,Relator: Des.(a) Marcus Vinícius Mendes do Valle (JD Convocado). Ementa: EMBARGOS DE DECLARAÇÃO EM APELAÇÃO CÍVEL. DIREITO PROCESSUAL CIVIL E TRIBUTÁRIO. HONORÁRIOS RECURSAI...
PILOTO-0094,5027649-32.2024.8.13.0079,50276493220248130079,Contagem,Fraude bancária e PIX,13,Fraude Bancária / PIX,Responsabilidade Civil,Procedimento Comum Cível,TJMG,Primeira Instância,10/07/2026,12/07/2026,METADADOS_CONFIRMADOS,https://pje-consulta-publica.tjmg.jus.br/pje/ConsultaPublica/listView.seam,PJE_1G,NAO,METADADOS_OFICIAIS,METADADOS_OFICIAIS,METADADOS_OFICIAIS,V2_METADATA,NAO,,Golpe do PIX; responsabilidade objetiva.
PILOTO-0024,5032474-15.2023.8.13.0027,50324741520238130027,Betim,Empresarial,12,Recuperação Judicial,Metadata,Cumprimento de Sentença,1ª Instância,1ª Instância,2023,31/07/2025,Arquivado Definitivamente,https://pje-consulta-publica.tjmg.jus.br/pje/ConsultaPublica/listView.seam,PJe,True,METADADOS_OFICIAIS,METADADOS_OFICIAIS,METADADOS_OFICIAIS,V2_METADATA,NAO,,Validado via consulta pública do PJe.
PILOTO-0095,5035891-43.2025.8.13.0079,50358914320258130079,Contagem,Fraude bancária e PIX,13,Fraude Bancária / PIX,Responsabilidade Civil,Procedimento Comum Cível,TJMG,Primeira Instância,10/08/2026,12/08/2026,METADADOS_CONFIRMADOS,https://pje-consulta-publica.tjmg.jus.br/pje/ConsultaPublica/listView.seam,PJE_1G,NAO,METADADOS_OFICIAIS,METADADOS_OFICIAIS,METADADOS_OFICIAIS,V2_METADATA,NAO,,Dano moral por fraude de terceiro (PIX).
PILOTO-0085,5037164-96.2021.8.13.0079,50371649620218130079,Contagem,Execução fiscal,13,Execução Fiscal,Tributário,Apelação Cível,TJMG,2ª Instância,20/08/2026,21/08/2026,,https://www5.tjmg.jus.br/jurisprudencia/relatorioEspelhoAcordao.do?inteiroTeor=true&&numeroRegistro=47&totalLinhas=2973&paginaNumero=47&linhasPorPagina=1&palavras=%2522Execução Fiscal%2522 %2522Comarca de Contagem%2522&pesquisarPor=ementa&orderByData=2&dataPublicacaoInicial=01/01/2019&dataPublicacaoFinal=22/08/2026&referenciaLegislativa=Clique na lupa para pesquisar as referências cadastradas...&pesquisaPalavras=Pesquisar&,,True,CONFIRMADO_OFICIAL,CONFIRMADO_OFICIAL,CONFIRMADO_OFICIAL,V1_STAGING,NAO,,Relator: Des.(a) Áurea Brasil. Ementa: Prescrição intercorrente. Inércia da Fazenda.
PILOTO-0096,5039413-78.2025.8.13.0079,50394137820258130079,Contagem,Fraude bancária e PIX,13,Fraude Bancária / PIX,Responsabilidade Civil,Procedimento Comum Cível,TJMG,Primeira Instância,25/07/2026,27/07/2026,METADADOS_CONFIRMADOS,https://pje-consulta-publica.tjmg.jus.br/pje/ConsultaPublica/listView.seam,PJE_1G,NAO,METADADOS_OFICIAIS,METADADOS_OFICIAIS,METADADOS_OFICIAIS,V2_METADATA,NAO,,Fraude bancária confirmada por metadados.
PILOTO-0097,5041761-69.2025.8.13.0079,50417616920258130079,Contagem,Fraude bancária e PIX,13,Fraude Bancária / PIX,Responsabilidade Civil,Procedimento Comum Cível,TJMG,Primeira Instância,20/07/2026,22/07/2026,METADADOS_CONFIRMADOS,https://pje-consulta-publica.tjmg.jus.br/pje/ConsultaPublica/listView.seam,PJE_1G,NAO,METADADOS_OFICIAIS,METADADOS_OFICIAIS,METADADOS_OFICIAIS,V2_METADATA,NAO,,Fortuito interno; fraude PIX.
PILOTO-0098,5042630-66.2024.8.13.0079,50426306620248130079,Contagem,Fraude bancária e PIX,13,Fraude Bancária / PIX,Responsabilidade Civil,Procedimento Comum Cível,TJMG,Primeira Instância,15/07/2026,17/07/2026,METADADOS_CONFIRMADOS,https://pje-consulta-publica.tjmg.jus.br/pje/ConsultaPublica/listView.seam,PJE_1G,NAO,METADADOS_OFICIAIS,METADADOS_OFICIAIS,METADADOS_OFICIAIS,V2_METADATA,NAO,,Falha na segurança do aplicativo.
PILOTO-0099,5044042-32.2024.8.13.0079,50440423220248130079,Contagem,Fraude bancária e PIX,13,Fraude Bancária / PIX,Responsabilidade Civil,Procedimento Comum Cível,TJMG,Primeira Instância,28/07/2026,30/07/2026,METADADOS_CONFIRMADOS,https://pje-consulta-publica.tjmg.jus.br/pje/ConsultaPublica/listView.seam,PJE_1G,NAO,DUPLICADO,DUPLICADO,DUPLICADO,V1_STAGING,NAO,GRP_5044042,Duplicidade com item 1 (Agravo correspondente).
PILOTO-0060,5045705-79.2025.8.13.0079,50457057920258130079,Contagem,Consumidor,12,Efeito Suspensivo,,Embargos à Execução,TJMG,Primeira Instância,22/08/2026,22/08/2026,Juntada de documentos,https://pje-consulta-publica.tjmg.jus.br/pje/ConsultaPublica/listView.seam,TJMG - PJe 1ª Instância,False,METADADOS_OFICIAIS,METADADOS_OFICIAIS,METADADOS_OFICIAIS,V2_METADATA,NAO,,Elcinei Cardoso x SICOOB.
PILOTO-0086,5050437-74.2023.8.13.0079,50504377420238130079,Contagem,Execução fiscal,13,Execução Fiscal,Tributário,Apelação Cível,TJMG,2ª Instância,20/08/2026,21/08/2026,,https://www5.tjmg.jus.br/jurisprudencia/relatorioEspelhoAcordao.do?inteiroTeor=true&&numeroRegistro=41&totalLinhas=2973&paginaNumero=41&linhasPorPagina=1&palavras=%2522Execução Fiscal%2522 %2522Comarca de Contagem%2522&pesquisarPor=ementa&orderByData=2&dataPublicacaoInicial=01/01/2019&dataPublicacaoFinal=22/08/2026&referenciaLegislativa=Clique na lupa para pesquisar as referências cadastradas...&pesquisaPalavras=Pesquisar&,,True,CONFIRMADO_OFICIAL,CONFIRMADO_OFICIAL,CONFIRMADO_OFICIAL,V1_STAGING,NAO,,Relator: Des.(a) Áurea Brasil. Ementa: Manutenção da sentença de extinção.
PILOTO-0061,5062419-51.2024.8.13.0079,50624195120248130079,Contagem,Consumidor,12,Contratos Bancários,,Monitória,TJMG,Primeira Instância,17/04/2026,17/04/2026,Remetidos ao tribunal,https://pje-consulta-publica.tjmg.jus.br/pje/ConsultaPublica/listView.seam,TJMG - PJe 1ª Instância,False,METADADOS_OFICIAIS,METADADOS_OFICIAIS,METADADOS_OFICIAIS,V2_METADATA,NAO,,Banco do Brasil x Jose Martins dos Santos.
PILOTO-0100,5062736-49.2024.8.13.0079,50627364920248130079,Contagem,Fraude bancária e PIX,13,Fraude Bancária / PIX,Responsabilidade Civil,Procedimento Comum Cível,TJMG,Primeira Instância,25/06/2026,27/06/2026,METADADOS_CONFIRMADOS,https://pje-consulta-publica.tjmg.jus.br/pje/ConsultaPublica/listView.seam,PJE_1G,NAO,METADADOS_OFICIAIS,METADADOS_OFICIAIS,METADADOS_OFICIAIS,V2_METADATA,NAO,,Transferência sob ameaça (PIX).
PILOTO-0062,5066873-74.2024.8.13.0079,50668737420248130079,Contagem,Consumidor,12,Rescisão do contrato e devolução do dinheiro,Consórcio,Procedimento Comum Cível,TJMG,Primeira Instância,01/12/2025,02/12/2025,Sentença,https://pje-consulta-publica.tjmg.jus.br/pje/ConsultaPublica/DetalheProcessoConsultaPublica/listView.seam?ca=efda6836c990837251a4551b5987203b5c28f63be3310aea,TJMG - PJe 1ª Instância,True,CONFIRMADO_OFICIAL,CONFIRMADO_OFICIAL,CONFIRMADO_OFICIAL,V1_STAGING,NAO,,Ação contra Zema Administradora de Consórcio.
PILOTO-0012,5162252-52.2020.8.13.0024,51622525220208130024,Betim,Consumidor,12,Inclusão Indevida em Cadastro de Inadimplentes,Indenização por Dano Moral,Apelação Cível,11ª Câmara Cível,Segunda Instância,2023-10-06,2023-12-14,Baixado,https://www4.tjmg.jus.br/juridico/sf/proc_complemento2.jsp?listaProcessos=10000232558783001,TJMG,True,CONFIRMADO_OFICIAL,CONFIRMADO_OFICIAL,CONFIRMADO_OFICIAL,V1_STAGING,NAO,,Origem Betim confirmada nos metadados da 2ª instância.
PILOTO-0037,6009587-98.2015.8.13.0027,60095879820158130027,Betim,Execução fiscal,13,Execução Fiscal,Tributário,Embargos de Declaração-Cv,Vara de Execuções Fiscais,1_INSTANCIA,14/04/2026,22/04/2026,,https://www5.tjmg.jus.br/jurisprudencia/pesquisaPalavrasEspelhoAcordao.do?&numeroRegistro=17&totalLinhas=102&paginaNumero=17&linhasPorPagina=1&palavras=%2522Execução Fiscal%2522 Betim&pesquisarPor=ementa&orderByData=2&dataPublicacaoInicial=01/01/2019&dataPublicacaoFinal=22/08/2026&referenciaLegislativa=Clique na lupa para pesquisar as referências cadastradas...&pesquisaPalavras=Pesquisar&,,True,CONFIRMADO_OFICIAL,CONFIRMADO_OFICIAL,CONFIRMADO_OFICIAL,V1_STAGING,NAO,,Relator: Des.(a) Raimundo Messias Júnior. Ementa: EMENTA: DIREITO PROCESSUAL CIVIL. EMBARGOS DE DECLARAÇÃO. CONTRADIÇÃO E OMISSÃO. VÍCIOS INEXISTENTES...
PILOTO-0087,9734570-20.2009.8.13.0079,97345702020098130079,Contagem,Execução fiscal,13,Execução Fiscal,Tributário,Apelação Cível,TJMG,2ª Instância,20/08/2026,21/08/2026,,https://www5.tjmg.jus.br/jurisprudencia/relatorioEspelhoAcordao.do?inteiroTeor=true&&numeroRegistro=35&totalLinhas=2973&paginaNumero=35&linhasPorPagina=1&palavras=%2522Execução Fiscal%2522 %2522Comarca de Contagem%2522&pesquisarPor=ementa&orderByData=2&dataPublicacaoInicial=01/01/2019&dataPublicacaoFinal=22/08/2026&referenciaLegislativa=Clique na lupa para pesquisar as referências cadastradas...&pesquisaPalavras=Pesquisar&,,True,METADADOS_OFICIAIS,METADADOS_OFICIAIS,METADADOS_OFICIAIS,V2_METADATA,NAO,,Relator: Des.(a) Áurea Brasil. Ementa: Prescrição intercorrente confirmada.
PILOTO-0003,1.0000.22.227709-7/001,10000222277097001,Betim,Consumidor,,Negativação/telefonia,Inexistência de débito e dialeticidade,Apelação Cível,11ª Câmara Cível,2ª Instância,07/12/2022,07/12/2022,Recurso não conhecido,https://www5.tjmg.jus.br/jurisprudencia/relatorioEspelhoAcordao.do?inteiroTeor=true&ano=22&ttriCodigo=1&codigoOrigem=0000&numero=227709&sequencial=001&sequencialAcordao=0,,,CONFIRMADO_OFICIAL,,CONFIRMADO_OFICIAL,V4_DIRETO,SIM,,Complemento de quota Betim consumidor.
PILOTO-0004,1.0000.23.019193-4/001,10000230191934001,Betim,Consumidor,,Contrato bancário,Tarifas bancárias e contrato de consumo,Apelação Cível,21ª Câmara Cível Especializada,2ª Instância,10/05/2023,12/05/2023,Parcial provimento,https://www5.tjmg.jus.br/jurisprudencia/relatorioEspelhoAcordao.do?inteiroTeor=true&ano=23&ttriCodigo=1&codigoOrigem=0000&numero=019193&sequencial=001&sequencialAcordao=0,,,CONFIRMADO_OFICIAL,,CONFIRMADO_OFICIAL,V4_DIRETO,SIM,,Complemento de quota Betim consumidor.
PILOTO-0013,1.0000.24.158771-6/002,10000241587716002,Betim,Empresarial,,Apuração de haveres,Dissolução parcial de sociedade,Apelação Cível,16ª Câmara Cível Especializada,2ª Instância,11/06/2026,11/06/2026,Não provido,https://www4.tjmg.jus.br/juridico/sf/proc_complemento2.jsp?listaProcessos=10000241587716002,,,CONFIRMADO_OFICIAL,,CONFIRMADO_OFICIAL,V4_DIRETO,SIM,,Substituição de candidato fora do universo; processo originário 5027193-15.2022.8.13.0027.
